id,label
dc32e5ffa8b,1
aa49bb41cab,0
dddc8d12ac1,0
bcfe8f51667,0
eedbbaff5ab,1
023a79000dd,0
7b62ade4dc8,1
1a63692769b,1
c345452998b,0
77edc1d3182,0
583b66f3355,1
2467bc4feb7,1
71c4aa416aa,0
1e391643b7e,0
78c32a62996,1
27ad3e412d3,1
70ab6e4ea19,1
223141ee856,0
0df48341965,1
9e3dea14eb9,1
210a8cb99a2,0
42097e71bbf,1
ee015d9deaa,1
33c9e2a5ba4,1
787cc79c94d,0
1334d5a7d1f,1
2df13b7aa1d,1
6de42ecef1e,0
7de73335089,0
88ed6ffccd2,0
16315be62d7,1
ed9e9ff37a4,0
69fd911a195,0
cf06ee2931c,1
96821760630,1
5f0817325a3,1
20642f0e37a,0
7c6a6118a0a,1
18701754845,0
5dfe6985727,1
135ff827392,0
0ec093e2c42,1
fdd6f76e4f4,0
c0ac1e41d7a,0
6fa8223714c,1
3cacd88e6b3,1
0c8471aa5b2,1
aa11691c22a,0
6bba94137e9,0
51b92ffd6a6,0
0bcd4b670c4,0
36e6c7ed9f8,0
2efee2b5fdd,1
27929b63b88,1
d72a10b3590,1
b7cd346e6c7,0
c935434f6a2,0
d646a5025b1,0
24922343dda,0
cea877b1cee,0
0b19adaa9b5,0
a618d015dd4,0
609d2a89d22,0
d81c23fff67,0
b3431bbb7b3,0
c91df54cca3,1
ed82cc712fd,0
c4d24ef9600,0
27f0ab0c73e,1
5d066b511de,0
8d81a316213,0
c7270edc4e5,0
c56633bf93e,0
fd840b32225,1
5469df6fd43,1
a8a9b43ec4e,1
72cba539a74,1
79ae5f68508,0
11111a25c6b,1
cecfce8c4f5,0
3aa7d8a50b3,0
154cbc0f7fb,1
8cef6ff2e10,0
7aec88111ec,0
8c354bccf38,1
67677bff6fa,1
e912408ebec,0
21d34e3f75c,0
cba47a9e71c,1
dad7992d7ec,0
215829f4ce5,1
78ead0c567d,1
4e375028318,0
dae523838af,1
e6ebde4b586,1
2406767029a,1
ce573acef13,1
6477bf9aef9,1
c60aaef76b0,1
537f876d0d5,0
8e4005f85f5,1
86376fba00f,1
b9c1e722d85,0
f6194480032,1
7e2fd9e6441,0
d16b811d033,0
c2ae399b0cf,0
1a604e77a56,1
a5f20b6420c,0
cf9e0e47a15,1
06820edc54d,1
570bd1d0a1b,1
8943e778c4b,1
5a3699b55f0,1
7394e105803,1
40e577ad136,1
ecd00036086,1
b6f2f84b262,1
23d95f8f397,1
aba43e2c271,1
80bab9b756d,0
3fce16bdb7b,0
943a796e09c,1
ff9b7c3396d,1
b455c05af1f,0
f8753180983,0
77c106fe87c,1
3d359c65cf2,0
2a5c8892ea2,1
297ae6d3066,0
ecf115f6bba,0
8d09a973045,0
071fba325d5,0
e224d01c7b5,1
09b4ed459d1,1
d59faaa4826,0
f3e8bea35dc,1
1dee52ef8bb,1
85d839b8431,0
0e8906d2b50,0
3e09cc5dccb,1
327b7bc94bd,1
a51c66c903f,0
44fc362b62b,0
088a21d41d4,1
da04f06fec1,0
c558bcf5231,1
8c32335fd47,1
1acc7a583d4,1
2e65988de31,1
e4ca20354f6,0
486a73e84f5,1
3ebd90004ac,0
727231b8183,0
3105ac16401,1
925200b1b6c,1
d900405425d,1
522be26c3f0,1
8e270a30406,0
caa8fce8d28,0
50d7116c8be,1
0692fad4eed,1
152d78b55c6,0
634d00d1c73,1
ecd86c6cc11,1
39554cfd490,1
4d84425f5d1,1
c16a6533bff,1
6262a653ee5,1
a3d80ad77e8,0
b433e0a987b,0
63cac9f008b,0
6ff01a59de2,0
a012c178bb6,1
9efbe1cd87a,1
e14cba9b7f9,1
ed671673e6e,1
ac4ceb636e2,1
00b7b1aed94,0
de97cf443ce,1
96c74de6225,1
b67d6f57e40,1
c0477c607c1,0
6237f623b50,0
1789d0f1098,1
8abaddf764e,1
22f222ebc48,0
677d8fd98ae,1
3db34df33af,0
eca7ccb8baa,0
6e521e7682e,0
57f610dec05,0
21e9172b69e,0
23dea92d882,1
867f70be3ca,0
0ed6264d404,0
0f39a180196,1
a8d63018c4a,1
49b49f7c747,1
eca64e770c6,1
b5360ceb0c6,1
9172a19be9d,1
27e52c01c4d,1
9aa89757c9a,0
ae149cb9da4,1
ba7bc749cf7,0
3b170c19b68,0
4a97d8a37cf,1
c6747868b9e,0
854666761e6,0
ddd298cb21a,1
fa67c108162,0
aaf043c3748,1
f2f23ce1a01,0
7fe9cd348b5,1
4bf6a687af0,1
c2745245a0a,1
111a3664740,1
2a7f7303c4a,1
ee334fdf1d2,1
4f1125061de,1
5d913808e5a,1
a4f50c1d637,1
55114d4f365,1
fb7685f838c,1
58599aef305,0
be262e5bf9b,0
6de58be9012,1
02afc77f40e,0
f658e46e14a,0
b24e23de869,0
190e1cbf1e1,1
699cd6306a1,0
895225393ec,0
59daea09801,1
dd6f61a5516,1
e497e1a0c0f,1
86bac06d6c2,0
2f50cab7d46,1
8541ba7b49f,1
6ff50f48f83,0
a6f4dacc91e,0
ca80a6bd4ef,0
5f196166f30,1
9bd7d01ff0e,1
3e5aaa8691c,0
85ae035bc21,0
a843bbab873,0
1797f5d4e43,0
3de57696f5d,1
17b8ce2a244,1
6eca47cf069,1
cf7b88026b1,0
1992d5c36c9,1
840bd689f3d,0
85cae98c622,0
ae13bdf0f97,1
c374efee579,0
a1ef255fba7,0
57433d2ad90,0
67e7dc70fe2,1
bbe65b14032,0
307b0a2a41d,1
da66e37b0b6,0
96cd5bceba1,1
8a10de1c073,1
72fd5fe9e51,1
a9a16da89ff,1
e94d7ecbfc1,0
ef0ee3ba0a8,0
03a5115cacf,0
5e7765716af,0
ee5335f7b2b,1
a6d2d0d04e8,0
f2471af4482,0
1f8a2ca1af8,1
d40ea9bb63f,1
9ff8994bddd,1
cad2c2094d0,1
c64c2579790,1
8f0f1dc8d3b,1
af52a3f65dd,1
45adeb9ef87,1
b68be50bb5d,1
d771b0ea752,1
176484f84e2,0
9b2782d0e47,1
3ac022ff14b,1
9aefeb1dc06,0
ed7f529a9d0,1
df677b19fd7,0
025311e040c,1
70f72504ebb,1
55721af8f53,0
ee5c7ea3dce,1
bf16fcee0d4,1
552dd96a8e5,1
52ecfb9e3fc,0
432bc59e219,0
1d2140ae61c,0
df973231cbf,0
72bb8ab9190,1
eb5ab52a811,0
ddccf4243eb,0
417301c0fac,1
17ce8cb0c0a,0
540b281f3a2,1
11b77094d7d,0
0f3acfd6038,0
2b54b8e4b7a,0
e8f5a2a939d,0
447443a332b,1
6708cd6d6ef,1
b7bfe909a9f,1
907cc9d1fee,1
be5cae15b21,0
90f11922789,0
15bdfd52890,1
5f2a1b7bc48,0
ad0b51bf1f8,0
90df9d850b3,0
001f3ff66e5,1
ebf9cc10cd7,0
4a79158abe6,0
5bbb4e75cce,0
14c05cadcca,0
973bbf313ae,1
8c0b80c08b6,1
8d314831abd,0
43e994a8951,1
728eaecaddf,0
f52a9f9dac8,0
2798ea2f582,0
0bc6c740edf,0
e58ccaca862,1
f64aa1739c5,0
365a6897fad,0
4bb1f6a654e,0
d923717e2e9,1
ee378c208a0,0
3ed70a96542,0
c127248b037,1
7c05e22ae7c,1
4499dcb2279,0
eb11e1412c8,0
912c58ba918,0
f6b61407aa8,0
dbf6293d1d6,1
488005581c7,1
99f03124be5,0
8b2bf6942ae,0
3b437da0a0f,0
8ae0441eb02,1
fbc12c69f65,1
9aabd1fad89,0
d8e2a8e664e,1
b5c2c0fa2d0,0
c3237c4f7a9,1
9fcb730a283,0
9f49bd782df,0
05f7e6993d2,1
6a40e4b2449,1
278f9edbc50,1
b78f82c9899,0
acaa4d0c00c,1
281f9d2b232,0
101d74ddb9a,1
1a69a7bc367,0
fde69a79c8b,0
ca9a1f417f3,0
9c0fb056327,0
4a80c98b7a1,0
394863a39ca,0
38ecde5dcdb,0
87128d7fc07,0
5a8402b0b9c,0
528d7caaa12,1
24066db8819,0
5f7ce9e256b,1
7d4cb48352f,0
2d64f2a4465,0
43f23b09595,0
f300633c711,0
bd74f8ad963,1
f3aae8ef19c,1
4c17a231b07,1
cf3fb5da863,0
7d8d689eb8d,1
7f12def4f5b,0
e36c7035964,0
a1ed55784e6,0
6d8dd37ca6a,0
9fd30338242,0
c08ff4932ca,0
aa60861c4a8,0
8b5af0d087f,1
5a68e37750e,1
9ec7da0f64b,1
decdf14d133,1
321d1d5ff24,1
38d356ff6dc,1
b064465e34f,0
ce85917a268,0
c199a883857,1
489a14cb11e,1
f8ffed18994,1
9a39f97db9f,0
a295c53a3b6,1
805107fa4f4,1
d44ea4f0bb2,0
3e7ca6152c5,0
46e479b5b36,1
fc14d90a937,1
a3bdb9b3d3a,0
5be0128c6a8,1
47e4227ebd9,0
d97ec00dc7b,1
9e6c275645b,1
c526473fe75,1
c5cb2084a9a,0
07df01e6a20,0
eff944d65e4,0
08d86fb7435,0
597d953d92d,1
fc14e78aa62,0
9f362808a23,0
e847d6d29e5,0
50b2b4a3368,0
c7ea5e8dd4e,1
26b75e7f6ca,0
93fa6244aca,1
851ae292716,0
b4fc8bed34c,0
e5932ee08e2,1
10032227721,1
4bab28fb3cb,1
0c5d684e3f4,1
a1a824f119e,0
d9501c1205d,0
2b90a9e4e5e,1
78a42d82137,1
fd765e68a07,0
0325c85f331,1
478c2dd2af1,1
3013272ff17,0
d856c9ebcf8,0
5088bd1159a,0
a6bfac08e39,0
5761446e6cf,0
e765b4a7632,1
5b5ef1d9b51,1
9610a1a5c26,1
ba6ac552175,1
b21657fde22,0
2a85c723d79,1
e46a43d2606,0
e7a872a73e0,1
0b80df83d1f,1
0bd9c52d090,0
017e4541251,0
1094e2688f8,0
7b02d3fd591,1
f7166660a6e,1
f3c39118fdd,0
2053b268f5a,1
819c5df9f0a,0
5ced0dfa6ec,0
5643297ebe7,1
961e7f870e7,0
54fe8eb23d7,0
3423e6fa869,0
d1039a44d6b,1
378f46ce2e9,1
49df49ced96,1
2b9b424d96c,0
61a639bf693,1
a01e49beb81,1
aa7d8bdd8fe,0
86a78f4c4b7,0
a057e166174,1
12fc3068c64,1
7247eb9c90a,0
b0f8a23026c,0
0d7abb6684d,0
18aa1ca46db,0
a3831016dff,1
cea2b99af59,1
e84f1681950,0
b41d64a3ef3,1
7f555ec599a,0
a206e3734c6,0
0fd237dc077,1
7abab28a99f,1
34c4453c8b5,0
470fc03837e,0
f5f136305a4,0
841bcce1060,1
d20a0e3ab45,0
fdbc0822f12,0
29e51627274,0
3a002bfa060,1
dfa1087c0c8,1
ca816265895,1
83abd9e18fa,0
ccb4177896c,1
4de027111e5,0
73ea8e37556,0
3c5c4ffb320,0
009b99d5177,0
485fa07fcb7,1
a32c779dc42,1
94d7ef953ec,0
9726a6db0d6,1
e45f4e6bdd6,0
e26e99196a1,0
e3ed65ce342,0
1bad03108e9,1
205a0df320f,1
f695bf5cca6,1
624885f9bcd,1
2e22f3155d9,1
fa7d1d2e574,1
39af237a970,1
01bed79bc41,0
dda4674a3fe,0
a8bfbe6bc7c,0
529fb03c121,1
12a9aaba869,0
ed0efeb7653,0
819a8798ebe,1
7dc9d71487b,1
915c5ba5827,0
a02d4c81d4a,0
4ae17dd5cbf,1
ba53ef2e32e,0
f245e9b5382,0
e5c95ff22d2,0
d98e04d7d47,1
989e3028ee5,0
11e5b4f4ec7,1
3d03d4d16a3,0
45d914b135a,0
2b95c8223d2,1
3c8e8a8f396,0
2d64ffe3f8a,0
2ed4b0f53a9,1
bb8bc776ba5,0
fdc1bd1054a,1
4aa90a87d4d,0
de1df065d2a,1
ba5fcdd928f,1
6900f1b6808,0
4b9ba12df8f,1
0b4c7848fc2,1
295bef1eb09,1
91f890aaea3,1
5acb7ef31cc,0
09015cd38b4,1
47e72b2199f,1
77daf48e8a0,0
c75fd83b932,0
3f9f3c4bdc7,0
49b669944ad,1
e49b8a6e021,1
8831ac81ff7,0
ad64729308d,1
63acee17809,0
2856d4723c1,1
00d8a294eb4,1
3d762c3db53,1
72ecc7fbd08,1
35dd7935a1b,0
a2b4ae877a3,1
4360f63001b,0
f6a3ce2f24d,0
a8ce8d0d5c6,1
de0f58a1cee,1
43c5a5ce06a,1
0aa92018db4,0
a60b7a19496,0
64cbcf309aa,0
127cfc6a064,1
9299f75c1c4,0
bc958e5464f,1
0d8c1d18b48,1
b709a245b12,0
8fb2fea08bd,0
0466667a32f,1
9c3e4bf2f05,1
6c03187c12a,1
bed549f240a,1
4578ff2bd7a,1
772f1b27fa6,1
6e087477b21,0
f12b416569a,0
e989ded0944,1
4a63f810fc2,1
665897f4274,0
a805ab84b64,1
00eb9b3a216,0
c70572ead58,0
d2d420456b9,1
423f4b2c4ae,1
b365bf49c31,0
238264079fb,0
9d4b7ac25c5,1
0bbced059ab,0
33fe44ed7ae,1
bad2accb5ee,0
eda58a591cc,0
fb1cb05190d,0
899db7c6242,1
886edd79ba7,1
78595accd3f,1
6a9e6aa091a,0
428dd5aa3a4,0
7ffaf9a41ad,1
3c246e8a26d,1
9843257f6a5,1
df62691cf37,1
8215bf262c1,0
9945c85c770,0
83a1cb008bd,1
66dbbd19162,1
957013438ce,1
18ecae3b298,0
4eeb31b04dc,1
c5e6f2e74a5,0
e70b9143e75,1
7d5b40458fe,1
4c2117b113f,0
239b58247a9,0
47704ec8ed7,1
c6fca78f80c,1
cd2183938cb,0
ddf9f1987fd,1
ba608332350,1
73d33362580,0
5262e5ea6ae,0
e226e95ed03,1
809d2a16f2d,1
ddb27257405,0
7582a752316,0
ef1802901bf,0
e82ecc90849,1
f66126e9584,1
fb8246e4279,0
4292d4ee772,1
4ecc5e0fd9e,0
4cacd12c7fe,0
a8791673fb9,0
a67943a2747,1
a88934e6321,1
dcf58958f26,0
4403e13b048,1
d4ecd00d5c7,0
58e31f7943e,1
897dbde5d14,1
79f6853144c,0
74b502d96f0,1
e54a915a554,0
5454e2c7413,0
117e2f99d71,0
5f92392f78d,0
ddabc493e83,0
b5a780f990a,0
0316faf3155,0
1abaa37ba61,1
5177a2114ac,1
cda26deee33,1
3114cd4d45d,1
477ea029fe2,1
2f25a2eef15,1
f11534304e4,1
e0396cc978d,1
35901b4db81,1
08e632e0548,0
5b034522ea4,0
38705082782,0
72dc99c3d13,1
544e4a33a6e,0
028e4b94d08,0
025db1d8398,0
1aed8a1307b,0
45ca31f49f4,0
6e633830370,0
b6c0cb47e15,1
b33ae615d86,0
f1e1506b582,1
880c69f6607,1
1157377523f,1
8ba0cec3e44,1
95484776042,1
1f29e480e93,0
5b0401ce0cc,1
fb4805fe8c3,1
131f9191ee6,1
68d4f81217f,0
e520d916414,1
90b7a843176,0
209fb3e7f58,0
84d702a73c2,0
ca05a0aff15,1
c9b41f1e616,0
13cbcfb383b,1
34cff34becd,0
58e0798076c,0
701bf3ee358,1
3441e4da02e,1
6c980e2b791,1
0865b7b7780,1
9200fd753e8,0
9668f7a8b5b,1
e3fa9d166cf,1
2cac36a53ae,1
2fe35dc5c76,0
0aa1648c68d,0
93d4e91b500,1
5d4a880d2b8,1
7bace536b4f,1
57041ab54d2,1
201a0dd29b8,0
c3bd4ccd952,0
8a003183216,1
66ed01f6247,0
82653a5fee0,0
084c2e5d434,0
03e54ae449f,0
c5d0b04bda0,1
eda88b02837,0
9343811ef0b,1
200fc78b0b3,0
c887449fe75,1
eb73687185a,1
3bfd4f46303,0
05c09b68d94,0
00711349608,0
f7bec5bf416,1
8074b4460b2,1
ebabfa2a086,1
b5b5e8e83c0,1
4294649b5ae,1
e884a20fc98,0
1eb918e7e07,1
8ff088eacb3,1
e0b3e36bc0e,1
eab22f7f845,1
f35bd487ada,0
346162534e7,0
f15a1e0fd63,1
0f3f50f1ed2,0
ea5b33f9c48,1
0945c425297,1
1e4c06664e8,1
64146de0984,1
fd562ce35b2,0
fa2e02de358,1
4c4d5eab78e,0
afeba90b62c,0
cdf63a2ee92,0
04a58371838,1
2eca0dce7a6,0
c906267feb5,0
9fc978faeb9,0
a4c88698502,1
5330215af7d,1
68af3ed3b11,1
6cd1e2da5e4,0
759643bb0ac,1
31ec9dec3b6,1
5988a030575,0
dd2bf05dd56,1
ccb9091eea9,1
2e3beb2269b,0
0011a9215bd,1
324e8fe1ac9,1
ccc305afa22,0
e1a12d09bbe,1
9a8fcee3728,1
75e1c048cd9,0
1707a89a548,1
f5028632195,1
2e90d9eae56,1
31978d4fb7d,1
d6b9ba5b541,1
f0d6ab8e3a0,1
95a9ec7cc31,1
43e6e726bf6,0
46db2cc178b,1
1c277d1c13d,1
cc1a4aefdb8,1
5cbce7f8427,1
564b929653f,1
fac12eb92c4,0
f816855e03c,0
d7b5935479f,1
fbde2041981,0
916bad8e1ba,1
32c2a1d593b,1
b6305ced176,0
389f6523726,1
7732b5bb971,1
1e9cb988c83,0
e0f96ebc5d9,0
049c631648c,1
6a10f7b14a2,1
f9f9a8a3286,1
cc9b7d6658a,1
4dc7ad26e37,1
bb7f7d04c74,0
2e530fdade6,0
ce4ea14fef3,1
874a608d204,0
7642dc50272,0
ef5b227f9db,1
dd475c65ad6,1
21bb183b84a,1
31cd5796290,0
42095f7c442,0
42db4e35780,1
9706951690e,1
71fd2fcf6cd,1
4d8d104532a,1
c6477815eb6,0
5a50cc19aa6,1
5e02bcadec2,1
514b743a622,1
571e6ebae01,0
ce817c79fd5,0
45188fc1259,0
5544cc8bc90,0
8e529a50046,0
45438382050,0
723c905f233,1
c49586eec76,0
25e9587d794,0
013304b99ff,0
b949b27a26e,0
f7f5a6b81ce,1
e0ff90ae086,1
070dc0e422f,1
557d7b8873e,1
e475510e6a2,1
283e29a2fa9,0
8496a419e30,1
7cc7686aa65,1
44590e031d7,0
45d5e8c5c31,1
3c4a097dd83,0
44dd5f0fca5,0
d02547b21d8,0
9838996da97,1
ae815ed07de,0
a50b4e02b6e,1
123ceae6e01,0
b120133d5b3,1
b493c30a7c6,1
d20230ca782,1
f58989cb4ba,1
f9a7247b59f,0
39632597106,0
fd31814ef4d,0
208c4b54a39,1
66d6efcf6ce,0
159c0597cbf,1
3ffbcf4a35e,0
055a67b6492,1
711784e5fc4,1
00375322646,0
fe099bde416,1
83e39963f05,0
a4c1583489e,1
6a6fb0adf02,1
2c52ad29867,1
57a2445710e,1
4b3ab86017b,1
c27778f4056,0
be81150a566,0
acfc7e451fa,1
1f4ae880437,1
0d2fb122943,0
ecbf71c3805,1
d6f59347c76,0
638b247cdc0,1
1d357c91603,1
35fcd5ebe0d,1
82c2cfa7693,1
6e8dc220770,1
96922f2a8d3,1
e8bd10d13be,1
360a04d2c2e,0
1ecc92fe149,1
e7bf7b2ecd4,1
21cdeb172be,0
3b60b307fc9,1
17fc25259c2,1
0e7f881adba,0
94fbf5c3635,0
9ef3762c789,1
bcae65e4ee8,1
63e4151e50a,0
5a53bfc5bad,1
816ebe5f345,1
b11646bfe37,0
c8646561352,1
91cd64e8e99,1
7e3bf2ae51c,1
646cf7ddfc8,0
95ec6e34c54,0
d9b31c0f547,0
5055506013a,0
ee6df0c41a9,1
ca9234a3d94,0
8b04f264693,1
4c4e024ef40,0
6235bdd0eca,1
92a8324aa4b,1
3e5a132a93b,1
4ee2d2066b0,1
a6042fb59cc,1
72157d53d2b,1
e37b8c225a2,1
5023d1180fd,1
e4ef133c3f4,1
eaaec745079,0
fb90bbf67a0,1
0e0d10dfd99,0
685179337be,1
e86e6d7b8c8,1
e9a9bc69fef,1
13298521e6d,1
4a62df6666a,0
620df418d09,0
fcfe51d4ed4,0
355585ad6e6,0
e4f06fc30a8,0
2edd78f9315,0
96636c21caf,0
043c05e9f29,0
01c27ecd7d9,0
af9428e1bd5,1
42dfb2a8adc,0
ff3f51e2133,0
000017729dc,0
2237fbcd7d0,0
9aa6ed2569c,0
09ea887e805,1
60c2fe8988e,0
c438b04ca91,0
4efe96eb775,0
28fff80ea8e,0
9ae464a47ec,1
d41edaa4b78,0
1d6be4572f7,1
8cb918b9149,1
abb398d861e,1
6bf72833992,1
b5279ca81be,0
d894fff6825,0
40f685cf63a,1
591170c2afc,1
0a7d7f91ec0,1
292a79c03bf,1
8637b12813f,1
8a2e5dd3a0e,0
773ca21197f,1
4e17f40d3ea,0
8aac21dde10,0
d91fe1fa6a5,1
a8eb9e29b53,1
d332c15fdfc,1
1edf9393be3,0
ac89b74bb7a,0
a437bc79aae,1
7f99cb94bbc,0
b0278f5b478,1
751f490227f,0
67b03d61ac4,0
882c0c1b2bb,0
1812a7a423d,1
f3b65384a05,1
15894a8081e,1
83ffdf2be0e,0
cf509d0a580,1
c858129370a,0
55c80574af8,1
358b9cc2c6f,1
a6861bdd17f,1
f9fb678ff5b,1
e1975ead917,1
03c40f8b3b6,1
8f3526823b3,0
44b5fbbfb85,1
0236e3d1348,0
2c11504e1b1,0
ed2f9edc1b5,1
333c5dabeb8,1
80372dde57e,0
488a64d8aeb,0
20c94f36a02,1
72203d05af1,0
183b1cb6596,0
d8398fcbc21,1
f85aa28d6e7,1
a912e98b5b6,0
5cf2fbf7c69,0
4eb8a87988b,0
b4fb5d8ff53,0
2cc77f54dab,0
e53336df367,1
ac2ab2e9ec8,0
db48498a7de,1
bf3ee0a6fe6,1
e61bf1b7ab9,1
ca028032658,1
be5146096d1,1
ebcff834806,0
094684e4b1e,1
5e0a1e92013,0
13aee357da1,1
4196d6362bc,0
4320b533dee,0
d53f8cb6360,1
08031d4b88a,0
9c666b4d793,0
b92d3837507,0
f42e9f5add7,0
c5afb0fd1ec,1
94f281f21b7,0
7a668c649c3,1
518cc08b1bf,0
ebeb704fff9,1
402ae35403f,1
00d068d9906,1
daf18c1e7de,1
eb0be997e4a,1
1443adc46b4,1
da09fe1fedc,0
260bea9f471,0
01b54a0fae2,1
02e1fbff80b,0
4af72be7e3a,0
b8df04426b7,0
dbecdb41367,1
760cfb45f9f,0
272a194b363,0
5ceae3ca8ef,0
df615f24b0d,1
d02cc31756d,0
64dd559e29c,0
b2a075469bc,0
efdcef2dfe9,1
c4c60892f6c,0
60c6ea823f1,0
88e1621e5a5,1
653f92e8543,1
47ee074b13c,1
c9535cbf282,1
995c2ba090b,0
cb2900912ba,0
734a93e5a29,0
24222a001a2,0
27c306a5543,1
b1e0df3c184,0
f4f6e5556a0,0
7b33d0f3d42,0
d5a823dc96a,1
dd183233d77,1
e585309a88a,0
2bbc8ffc586,0
4a97655ffd4,0
689929a7a12,0
a0f08b2686f,0
88bd1ca18bd,0
a723e4ce3c9,0
93723ae9e19,0
d4bb6e67e0a,0
dc43f5fd50d,0
420c0f1dd57,0
4088b1c2623,0
f346f893088,0
166dcb64799,0
025fe949726,1
7df7e13364f,1
8062bc39e6d,1
4367a974433,1
dcd45cf6919,0
774fa8b2d54,0
b2dd3318749,0
65f58c60e33,1
e8cd4ca9c64,1
0c73a6e086f,1
0169f8fa698,0
15fd31a41b4,1
7ba7c09800e,1
73851d29429,0
400147d6874,0
2a712a4df18,1
b45afa0152b,1
a6a5c4134e8,0
3554425646b,0
710ac5b9740,0
d17289c2d75,0
5b622f203be,0
14c41cb4ca1,0
8618730d802,0
06fdc105f68,0
13d8332dcf0,0
3238fc3f22c,1
d4f1fc92606,0
d15694bd6eb,0
50ff5500eb1,1
03d35cfd46d,0
4346d988566,1
c984a00421a,0
9bf8590654d,0
00062f4d5be,0
f9746c3819b,1
1507d833166,0
ac422ada425,1
f1249010c3b,0
cc3339aeded,1
51a4c034b17,1
e0e1807a2bc,0
314576afdf2,0
53332e00d74,1
8a1feab6fee,0
077ba763d52,0
b2d7e79b08f,0
20fd5903322,1
fea9466704d,1
a059f0d9db1,0
1491bcb0def,1
2d4848bbd51,0
82383f9a17f,1
c576c225de4,0
cf9a0c3a56c,1
0b00bd1666d,0
750c91418d4,0
ca42759bfe5,1
8a2a31bf2db,0
33ebb4b6c1e,1
8831abcdef2,1
ff523716ec3,1
68cf031ca39,1
a8ca9840f1c,0
f9d6bd33fc9,0
5392dddb214,1
01d017c17d2,0
436ae9aa831,0
5e2bc227d13,1
24c6667e51c,1
ebd63cdfe1e,1
00d2b7aa5fb,0
14b8d59ce8c,0
0a512eacfe4,1
28853a84964,1
5fb1fdd821d,1
f54d23aaa9b,1
e0f51ef91d0,1
ccc1991fb46,0
8cbb706210f,0
2571840aed9,0
6df47b118c1,0
8ee147e9d68,1
4389262cad0,1
bb7bf8904a9,1
0b0015f9e75,1
7d86b054c9f,0
d10641feb9f,1
47698834774,1
547ddaed9e1,1
7d62aa13b80,1
f58a0b49591,1
dc3be173692,1
54e23d0117c,0
bdfcff6e391,0
55f7353f6bf,1
db862d45af2,1
271feb55be5,1
fec0e6bfc70,0
0a67f622fcd,0
6272891441f,1
9d46acf8870,1
5db80aa8f9a,1
7a835285fcf,0
99e7604037f,1
9e57813c020,1
f4c0d0b7921,0
f895605e988,1
9d3f7e635de,1
78b46ad03bd,0
3e3b703123e,1
862a3b242ba,1
94da8001d15,0
6ccad43e1af,0
362ab2ffb0b,1
1265ef59afe,0
41961f68ad3,1
9ccadadb13d,0
176d9b6a346,1
c352a6178da,0
e882e3be6dd,0
f047ed40039,1
d360c50591b,1
485c634d63a,0
dddee72b7d1,1
d98ab196596,0
200b807bb7e,1
17746d56d33,0
6c22904160f,1
f0acba17a3a,1
721258f7a5d,0
45835160dc5,1
647bb16a158,1
8ed8065c61d,0
e5488fc650a,0
fe0b0d63e13,1
f3fe3947fd7,1
9bd5f42ed54,0
8b295852fe8,0
f90bfa749cd,1
a8439d6bc26,1
fec70358702,0
468fc978ed8,1
8c566f45732,0
b7ccc7ba6ae,0
eb4dcb782bb,0
7dcf369ddec,1
b726dab2e3a,1
9b0a200379a,1
4d4588f6187,0
5f752ac505b,1
a9d9eb4e188,1
254ad24858e,0
3a0fa146125,0
f9a1e7f3daf,0
27669580b02,1
fdec0fb61de,0
56240d693fe,1
6345993dd39,1
07e45bd0f68,1
4833b554b91,1
16cb5e7bbcd,0
cb33eb62f2e,1
fcbb2201706,0
1e8bb6a5ddc,0
3ac9693158f,1
ca82c685d10,1
0a158434e6d,1
b8baa872b41,0
0e1409f2ee7,1
871dd64bdbe,0
e3e79f9e4bd,0
a7cad366718,0
623d2de1b70,1
5229f9071e1,1
fdfb869c4f2,1
38292b50639,0
9a2b8c342e4,0
3c68ad3c5c6,0
e1f6a5aed80,1
66d5380426f,1
c03fe834d68,1
717d9462849,1
6609f5793b3,0
25539aa5a17,1
fe427ddba4b,0
70e2cbce8b5,1
00624db77f5,1
20428a73add,1
c4e78591abe,0
24a1df35dc4,1
20bf5dada70,0
ccb2667e52f,0
de707fca428,0
97123ddc491,1
09efa9f43b2,0
ad2d7394125,0
783ea6b9aa7,0
da409272204,0
f695b1666e8,0
6f4573121a6,0
1ffff7a27f1,1
73be35b54f2,1
e0c7e416ebb,1
de51e1b93da,0
51c4d0c41d5,0
939d2fb2784,1
b07333b088d,1
c43ad394cab,1
d626669a998,1
4230270f950,0
1dab4ab9493,0
a140c0e5ff1,0
c2284b305c2,1
eedca4ad827,1
5c7d09e19f9,1
c45e2ae0b58,1
b966e6230a8,0
064fffb84c1,0
147b8a4ce16,0
290149df8dd,0
2c8511494ef,1
0d85d092bf0,0
1cf66963c0f,1
cac0173ca32,0
62d4252602b,0
842a1c0e43d,0
32c8610ab9a,0
a166f683b6e,0
051c14e2807,1
74e10949700,0
2caf89ed193,1
7a77e925ff1,0
48dc4de0d08,0
82537e3a867,1
7fe0670b904,1
f338636bb21,1
16a72aa7477,1
105188534af,1
7d692403a27,1
44e60e1f045,1
6e03958573c,1
da95603d00c,1
d42e46cfb04,0
12eda8c0534,1
88034c7d9d7,1
32dd66740c5,1
1e4f78f2b4b,1
143a91998f6,0
7bb44b0025e,1
3f5657f8447,0
d32e06621dc,0
86d9290f4b4,1
451aaee2ca1,1
d87e083a471,0
47840c660c0,0
ad55238e7eb,1
1c59192d7f3,1
59770405f1b,0
bb21bd9f02e,0
b23b9bb2da0,1
10ff343176d,1
edea9ee132c,0
79e3b947f6d,0
291fe93f1d3,1
6e7343b0b88,0
59fd72eea5c,0
d33fcf97c71,0
d307633075d,0
368ea1f3038,1
50e7a5a1e56,0
275eae62631,1
6298be9a7a1,0
f882aa70ae0,0
186723f48cb,0
21fa16ffb6b,1
fc529ee121b,0
1cead1a6e5c,0
2c9434e3659,0
36571a8d690,0
4a29c387716,0
833ef207e92,1
4a2cd706ea6,1
f2a1374a93c,0
80cef10e5d2,1
62e21050e5d,0
6f5d4ea2f5e,1
cd655b5851f,1
c608c8ac592,0
fb76412ebed,1
2a8e9e1dd8a,0
cc9f9d16e4b,1
5887d26d5f8,0
c44af898139,1
2fef0eaf592,1
5d45b8ed0d1,0
c972045e36c,1
f4bf91a72d3,1
c859b6bc4ce,1
eb81682bbfb,0
4b86a72811a,1
d9890d7b734,0
1197595e011,0
c21213ececc,0
19fb9891882,0
cecdce69a1b,1
c4d1f5cb2c2,1
ebcac73e918,1
98c9b07e6a2,1
a56cba7b66a,1
bcf1c1eb291,0
e35a5ffaf62,0
717916ed736,0
c8a1872c646,0
713eb06ce9d,1
28a1f259e3a,1
52f7bb81afc,1
66ee2e987c8,0
9c5e1d6ee16,1
e0691bf650d,1
e87de04146c,1
7a0439d1d0e,0
9e68608d5b9,0
68a99f28fad,0
438f134c161,0
c02bad87331,0
95ebf401aac,0
02400ee2fa4,0
0ed348c8791,0
db898bf837a,1
06a351db62b,0
f6732d582d0,1
d3220efba9f,1
f7384cfd934,0
cfffc6b238d,0
6cd83a1c042,1
ec804888c22,0
a0df1386685,1
c2f6791bae7,1
a3095a5a41f,0
b167d4213b6,0
940ac6fce19,0
4c30262a69c,0
d5fa78b159a,0
84d11a20626,0
fba0580d449,1
b0ffd755da9,1
58427667536,1
5bfb0163644,1
1b9f431e0cf,1
f8b8a97a25f,0
ac1cbe04ec6,1
a8bcb3ea516,1
233d4b93fd8,1
d369778eebc,1
b706ddcfefd,1
59fef66a336,0
c42c1a485ac,1
bc72c013e8a,0
1fa6c77956b,1
d1ce0636743,1
8eded22a16c,1
6ac6eb03bc6,1
3946aa94352,1
dccb96d3337,0
bea30f9bb40,0
5ef09c97118,1
2af571626e7,0
3f7ecc582a2,0
8d6b7ad8b4e,1
bed1ce75dbf,1
df4e97b69a4,1
cf5f3981543,1
0650d89fcce,0
29850be2561,1
3fc3e98559c,0
4866c2bad81,0
ea547662cf7,0
e0c599adbd1,1
f0483030937,1
e40ac64ae00,0
50969f3d9e9,1
efc56d38556,1
beec4685cb5,1
e8a08ffcaba,0
3bb61b7ac2f,0
e14fea2e938,1
f99271af2c9,0
59e6e7a9f6b,0
f0a18b86ab8,1
c73edfc944a,1
6dbdd819f72,0
e78a7e03e48,1
97112674633,1
f9f8ab7ce22,0
eb27a9ffffb,1
6a1e4d991fd,1
9272b2ff408,0
9854495e649,1
e934e223187,0
6ea8cf647c6,1
dd1c570c1d2,0
7eaf565d777,1
93346d29192,0
b05b6e6e09e,0
44063be49aa,0
8242ab15319,1
edd17f70396,1
dd86ef44465,0
695e4d8a3ed,1
77edcd87c52,0
2fe81439285,0
f3b8c6844c5,0
b78f7b5c4a4,1
af31ba9edfd,0
0a4fb0dee01,0
40cf266b5b5,1
a4c2ba00ca6,1
031dddb1939,0
5f52b00a004,0
2327d57f973,0
b9c777f0261,0
6a7f1a485d2,1
9019de63043,0
3a1f694c15c,0
b2e435f11ca,0
ef5efa1d34a,0
f2366f57ca6,1
c45bb903a69,1
0997af5d4ea,1
0769542888a,0
6cef27affb9,1
302548c2e5f,1
1d32ba18628,0
306b636d776,1
d60e852746c,0
e8326113e09,0
ed0945601c4,0
a850ed4b6cb,0
5bb84aa74ee,0
93fa7dc903c,1
f3ea9acc640,0
1ec205e5197,0
7a4d2268137,0
7ec08750472,1
4f1a528aa12,0
46d7880429f,1
2f18504ecc4,0
03da1182b19,1
8fd96554b85,0
a30eb7fe09e,1
0b1801d994f,1
e2d59f54b72,0
4d149ca3018,0
ca7910bbe2b,0
6cb448bd16b,1
7604ba3426d,0
c53de0e1520,0
ffa8ae229c7,0
e37e1e60736,1
a9583b5741e,0
1a7694f6ac9,1
8562bf8007f,1
9d6e040cffd,1
0f35d2b7044,0
3163a6e9b25,1
27a4fcc6476,1
ffce59114ed,1
a6c3cbfa49b,0
0de46695bb9,1
122bc567873,0
4df15e82069,1
5e446f3f4bc,1
5fd14249c5e,1
69f1800b1f7,1
60647d28e73,1
9e4850eb3a0,0
1bf8d9eeee0,0
25d82a1b091,1
50040e743af,0
94a06bd7034,1
282b180268b,0
9af00d7f365,0
4abbdf531ef,1
50a034dfc43,1
bba82ebb237,0
753cc0ebc9b,0
1d2596d835c,0
5051bd2678a,0
6d2aced9bb6,1
cbdeb16c067,1
7e4e580c590,1
67af7201292,1
841318f1ddf,0
a4213edaf3e,0
6b26c34c795,0
2fce2666254,0
164473c6f3c,1
c4a3a63eea7,0
405350bff29,0
b435e5457d0,0
503413f9d00,0
e3add16054e,1
9e37be081c1,0
7739a2afe4d,0
5317cec3271,1
281f8df5ae0,1
9cb763c92d4,0
400a4eec2a8,0
de90b7d5ef3,1
7d6d5c08f60,0
ae901928c5c,1
ca28076f05e,0
a7ffbe6855c,1
6bbc0da0aac,1
7cdf0a1e701,0
f472b6f8638,1
dc019cb6b62,1
8960e33a457,0
3c302ef81de,0
7973b52d29a,1
02bcfc26720,1
de05bb13bf3,0
3808c576d84,1
b6ea7694fb2,1
21a824b7992,1
29e461f5001,1
8e1cbde1818,0
56da6829117,1
2a2dd83cad8,1
e9b5f367bfa,0
6a43c1b5c43,0
f01e15304cf,0
b4aaa768e45,1
bd4ef1d9c31,1
28af5b55801,0
4d9d1041f17,0
0e735dc65e4,1
42c8f10584d,1
d273caf2e5e,0
5108bcceaa0,0
9d9f7d9d7fa,1
25bbe0ab182,0
c2cce8158c7,1
b7a1a3966cc,0
30ae6b5687f,1
26a6751cf45,1
fd385c70ead,1
b84e38293cd,1
89cd56c82e5,0
600c94fad34,0
1a2a9d915f3,1
92e448b0662,0
b9b3f084c55,0
51bd3a86e0b,0
2898683f24d,1
1fe7c260287,0
897f1cfe876,0
fb8db37032f,1
5e535a31060,0
f6a619432ed,1
1b5213e8c13,1
d1723292f58,1
42e99940c12,1
e4278d4cd65,0
36c6bdf7471,1
10f7160bc65,1
35c38559cbf,1
50cde75d6ac,0
86bdf39f548,1
7866aa99b9f,0
21a66570a54,0
78026caa9d1,0
19637d629f1,1
0114452abae,0
3507cb8a31c,1
aee6edf678e,0
68c0fae72be,0
16b615a3b7d,0
b2e22b10a2b,1
75af5a9523b,1
92c019cc663,1
125f66f9f9d,0
77ff5d760d1,0
292f272abb2,1
0903d1ca8c3,1
04fcae050a7,1
ea3ce54cd91,0
32d502e5fff,0
cb10b544d88,0
e5bede0a8f2,1
b93bb784dbe,0
d69ef46cbbf,0
0c9abd52b2d,0
74a275402dc,1
5e33b769e95,0
c577aeeac96,1
4178c421643,0
aa5ed409320,1
d40bcce4124,0
7112e37347e,1
de1f6b0bde5,1
a2c448cd67a,0
3f5c1432ae5,0
8c415335cd7,0
f151673dc44,0
7293b532c2b,1
65477f568ad,0
d58ef737d8c,0
c109c90c07c,0
68b5ddfa7cd,1
b32bfb8f4f8,0
20daf1c54f0,1
d4521fb7d1e,0
9f84f164ab1,0
3531e535a8e,1
5b023abbe9a,0
86ac510b1d0,1
c9c4bb73d49,0
dca09c03146,0
4da3a585b4d,0
2f342b942e0,0
a973fdf59e3,0
396f32567ce,1
061541d56d3,0
611ba095391,0
8fbe280a99d,0
af23502b3b6,0
6a9579f1372,0
a55a5401b8e,1
394ece89ff1,1
6a94be30818,0
f04c53740bc,0
d0d9de0fb99,0
38ac54c41c6,1
c467ba9ba12,1
55c02c18eef,0
cd7059902d3,0
c4142e184d2,0
e9068366d57,1
440a4150e00,1
fe2659682cf,0
32d8fbee0aa,1
4d010837c6c,1
d19c2b9034c,1
53369fb4901,1
bb994180f34,0
0049fe9307c,0
2b140938cb0,1
aba825073ff,1
3a0a996d346,1
64185578392,0
43b4709503b,0
38a220f817a,0
9948e037686,1
0aee9c22885,0
1b46fde6d95,1
75c9976c1cb,0
7d19ae45a47,0
d9d5e3d1b81,0
8ecce4b20bd,0
f0957b2b873,0
e869eaf2562,1
7c9bc8f9e95,0
658d90c054d,1
8bba4306f14,1
4d6319024ae,1
f178b3b7ec3,1
10d86d829cc,1
cd8b35d6f0f,0
7c43183a6db,1
6a8ef1ce19e,0
d0b10419f0a,1
d63f54f0cfe,1
1a7d00fe6bc,1
4725d216b82,0
42c595e9e12,1
d36c275650d,0
3c9b89bf8e0,0
3303af812b0,1
95c45fdef80,0
34d226b2c40,1
5d21fb7288f,1
eee4b35923a,1
5449adfa78c,0
d2f12869b0e,0
c0301035138,0
509fec3055a,0
cb372a3565b,0
103e6d828f4,1
0d0078a67df,1
fb45d3462e1,1
019f3a45a50,0
74b35b8df32,1
5873ed8f3d1,0
57cdaff3863,0
0fe2aaa86c7,1
23f20e01c74,0
b1627d6d47a,0
fd5fd5f8d6d,0
f877fab75b6,0
84ac5719d25,1
bc889cb6a58,0
b8ea589057b,0
68194d15634,1
40f226b4215,1
0b3a935148b,0
90d4e09b847,1
dc38b47ade4,0
42f2092e4d7,0
f573d815e0e,1
c0f85cddbad,0
2bd9cf5a1fc,1
1bc500579f4,1
ac11a5e1848,1
89b83d2c858,0
9158f70510b,1
1ad0332003a,0
0ae76354d08,0
95ebf92e475,1
3e997083830,1
25b38087fb2,1
e48b9920bfc,0
67ec40223b1,0
7d07ba29079,0
2f7f79d5ea3,0
d34641103f0,1
786535e73de,1
81d1044ab7c,1
5ef5897919b,1
7ffd9b8f08e,0
9c215b51c81,0
34450b50d09,1
9816531ee24,1
b7a661618c4,0
138d91d3494,0
d01619bd5e5,1
c63c5410774,0
08ff444cf35,1
0533ede3983,1
966084e730b,0
9fff565f6d8,1
9462c3ad235,0
6917f834589,1
1e8d74a2959,0
5bd3e159225,1
269021e979c,1
17b49a9e938,0
915d64fbd9e,0
e7e987c8cf3,0
2ebf7de6b5f,1
155ac543ceb,1
d771a69f0ca,1
835e4b9d94b,0
23d71ed224d,0
60a86f17417,0
7e12a4d2488,1
5de946fc9f9,1
8d8eabbe3ec,1
209d7c370af,1
9b81581ba5b,1
a93bee2fde5,0
2c2148bd4ae,1
1ef7a8fdb8f,0
8e361ba92f5,0
9e618ae56ac,1
05d04192865,1
685b3adb97a,1
6eabbcef6f1,1
48496b062a3,0
b4f85de7a70,1
400ea96b5d4,0
79bb7054dcb,1
ab845b15c61,1
7bbff98831b,0
e1558a7632d,0
3689ff99914,1
22ab5e00701,1
28f1213a24f,1
37a80192fa7,0
3df242bb447,1
03c541419c0,1
9d23e8d1fdf,0
8e6c77b5779,1
0a6ff30b116,1
a177360dfa9,0
f0fb6922dbe,1
273e46199c9,1
e17e688dbf5,0
dc377a29e55,0
c8e33076269,1
949f4fb23ae,1
6b972824c94,1
816ed302351,0
246e8587bd3,1
75d950c7faa,0
f93709d7e6b,0
c406d1ffef4,1
5d6d3f43ac3,0
0046169229b,0
468c5f765f3,0
e9f13123b47,1
2dac0ef1ba1,1
8deaa59944e,0
ff68d6a6525,0
f5d8702a0d4,0
f73d7ac8255,0
4773f7dd2f3,0
c97f4c5f057,0
e64aa25108a,1
707a6ab73cd,0
081362ccba1,0
1191fed8e2c,1
f8e94f2cac8,0
5b14027d61c,0
170aa1c0713,1
6d13ed0b772,0
d7aa03c6d1f,1
b1355ec5a4c,0
69dd3d57ff1,1
396f8e2809e,0
2c790f3b868,1
e14fcbc1d58,1
c5577f36da7,1
e13f462c834,1
d534803d261,0
8aac11de8b5,0
d38bbfd7ce6,0
4f5f94e7901,1
8d0d840cf1d,0
2c955d7e50b,0
12f07c1ec02,0
ac8f60d9ef0,1
f859bfd6301,0
15d955baf6c,1
86ef2c65f7b,1
0fdafee4397,1
e6e22268aeb,0
58e958a5f8f,0
98edac2cd85,0
cc5070fa142,0
3938f46dc35,0
dcf4329bb96,0
e2cd2714447,0
0dd0130db01,0
9c55113bfb5,0
acf61742667,0
77cbd02e8c5,0
a94b6520b90,0
b3c3a8638da,0
804b8806753,1
f44e6657882,0
d2781a49e60,1
16db6a2cdbc,0
4115dd67511,1
390f7b4a635,1
110f4dee39d,0
3312ba000dc,1
79c7e043584,0
230e61df5f5,0
3f3570711f3,1
eba2cef2a41,0
ff7b6633e4e,1
51dee0f84d4,1
2e77f6f7a6e,1
6e5434e12fb,0
d98fefcb635,0
3e002be4b2f,0
4f16732a4a0,0
f8b17c2e6ff,0
3531b0e780e,1
de2b834abc1,1
3e4208bf1cb,0
05cab74af69,1
25335135e7d,0
d1461f8815d,1
046a035ff71,1
e7906f9cf74,0
b71593a3528,0
bc1dba63315,0
9b2dfc39723,0
d168d40b807,1
4025f6e6124,1
8f40de1565b,1
22b0398d110,1
06b637ab0f9,0
725a2170f60,0
987d0590c23,0
e5dba5390a1,0
bf09594f203,0
1e5fa661fe0,1
74279abf27f,1
450c0be42e8,1
500ed535b4a,0
166fc49d6a3,0
8755349c24c,1
afb066ac1c1,0
acef84d3820,0
b275cd59830,1
bfe81ec6f3d,1
46a258fb026,0
8c0bb8c8126,0
f17e8d43067,1
11702ea9cb3,1
6ff1a060d29,1
80d1e642175,0
69b954d02de,0
ee13c961184,0
cc96dd92d55,0
3efd71b42ef,0
0750a5ef213,1
198d7d85ff6,0
eecf40471c6,1
46f1db06b49,0
b99be817402,1
ad970da6744,1
e5f856275ea,1
959f1a9644d,1
b6f34de617b,1
1fc35d9676c,1
44420c4001a,1
96f77e7f4ba,1
c8eaa686a72,1
3079f0925c2,1
72577d658f2,1
d3b9fd7ee18,1
5f840e69560,1
9e0f92838e4,1
d2f1500f496,0
3d1cfa7f2b1,0
440751a08fd,1
93ecbf4dd69,1
3d0dd372b2f,0
ca0d1f124d8,1
d6ca04be55f,0
20da46573e6,0
8368503f305,1
e730b792976,1
45a9dda01d4,0
47b0633957c,1
3b9b905cda9,1
54e76d603d3,0
3025a381b3f,0
02f86ccd202,1
7b1926744cd,1
a64b1085726,1
fa7df2c446c,0
9cb805b3606,0
dd0876fba24,0
dab72b3a365,1
71c74dc94c9,0
c1f2ba9ebda,0
68412dbce9a,0
83df5b9c358,1
25a81730ff0,0
a9c5c1b510e,1
94572b4d0e9,1
e7df4f32a18,1
3c68106d929,1
d1d8167ca7f,0
1da1e0c9d38,1
e76c3322dcb,1
610e0daaa6d,0
587b2b1f534,1
6f7397f519c,0
92beb7deee5,0
c76d2f2f88c,0
56abc892f75,1
d1b06242fd7,1
972ba7fccb4,0
71f5229642e,0
3bc7e152567,0
21f9afe843a,0
4690a426ec5,1
cfaead2ff8e,1
f0929644c2c,0
0f13f9257e3,1
09f4c1de2b5,1
8ed807e39ee,1
0c91e0b07be,1
09a7577c0fb,1
fa280bc18df,1
33f6448521a,1
06e2af51788,1
c0120d191ba,1
bba38b11851,0
eb19e18d483,1
f63b8ad48a8,0
36a5db37263,0
70f3230268a,1
124781c376b,0
1a1897b24bd,0
b8815cee051,1
4e95f00421f,1
02ad2168cfc,0
4cb7e1f8d5f,0
90bd81f421c,1
0cc1f96ec48,0
237acc7e791,1
643b94446f4,1
3b6d0af277f,1
680d97b19b2,0
f6db2f44fa6,0
eb1c1eb102c,1
02f0256ce21,0
26ddfe8f94f,0
99d8bfef6f1,0
77232eeb0d5,1
e1f70e25d3e,1
a7e6f233a07,1
0fb7d76e6c0,0
69519d8e8cc,1
8db0a4790e5,0
dcff591ff19,0
57c3121de42,1
7c15ce8a774,0
21b42c69d96,0
9696caddc17,1
2ad6cadd7ea,1
857b5cdedc8,0
992c3a0cc92,0
1db7ad4c129,0
8d32ec624d3,0
4dde42af61f,1
9884ff5ed2d,1
2fe61ee7337,1
1ffed14e059,1
f7991d9e0a5,0
7f11ba9a0e1,0
b599974622c,0
6e81bde84aa,1
473a349b731,1
e88a649ed24,1
1ef38556734,0
5063e78e958,1
3047c0a984e,0
e8cc3f92f3c,0
fc1743537c4,0
2a5a928cb6d,1
99a79289e55,1
ae84ed3e926,1
6e129ab7f85,1
a0f74b3a676,0
065e437023b,1
19a63f888da,0
68494687442,1
46893e44ee2,1
16239608487,0
c937eba435b,1
6651485d6a9,1
4d292e2bd6e,0
0f8ad16d410,1
b97a69ef88b,0
3f0d7854297,0
4f18f54476d,0
83a57a57785,0
5a479235f53,1
994b45227ce,1
9cf975e99ae,0
8aaccdc8500,1
2bc54e268dd,0
b28db2c4f8e,0
c2855d42313,1
2bedf1e2414,0
ed70d066a57,0
7c23f2f8ac8,1
a7f6a4d63da,1
e46ba6cca6b,0
ae8c0d925dd,0
ebffc9b8194,1
6652aea94e9,1
74c70728c0a,1
17e76e4645e,0
96bc9357bbf,0
5b58552c19e,1
dd4106fa850,1
d1bf34c98f7,1
629bd09c51e,1
8e1fa62512e,0
10f1c970de4,0
bbc189b5ba1,0
623db4ab6d9,0
d3d2d874b69,0
81cb7810f52,1
03ad9a2347e,1
dd04e2f499c,1
28c6d672125,0
e0fbf2b5ed7,1
95132d79f6e,1
8ff3bba9d5b,1
e65a03d6332,0
51a97241c76,1
981c3f10989,0
92073e4a788,1
d73ad425410,1
0eabd385863,1
ab77297b249,1
80dce34b31e,1
cba26140fe7,1
636c9b18ad0,0
ebd9306b0a9,0
592ef3803ed,0
721c9cd3277,0
02dcf7796a5,0
066827c08a1,1
75218f3b85b,0
48c41af5b62,1
b0775085f3c,1
0277c454c7e,1
41e62ec5df1,1
a1d1be51cbd,0
0b6476fb1a5,1
033c7e722d6,0
08655062a56,0
7a3f9275bdf,0
ae8cb30ee1f,1
ee28548a1a3,1
16514a668ee,1
05fd02c716a,0
91f747e44fa,1
3da65364256,0
0ee4828198f,0
b5878edbd04,0
a91ba2eeca7,0
54923bc1434,0
a11fdc58f7e,0
67f3ec5aea5,1
c0e22713fb8,0
542489eb33c,1
a583252b72f,0
9b7469de7c1,1
87cb7634855,0
e09199223c9,0
0a3fbb326d9,0
fa3eda217f7,0
6b9d8663b3a,0
08a4c3b7797,0
e570390459a,1
ffb4cb28250,0
29c22c5f069,1
92a611f7fe9,1
482cb0a4836,0
5272dd83d70,0
bdbbddb8518,1
8f96025eaec,1
686130db887,0
4e847144ff7,0
c956b7d01dc,1
fb12bb08425,0
a653f59fdc8,0
c9c82296278,0
0c9ffbdaf7e,0
ea7678cdc30,0
7449fd1537f,0
967c7c9f78c,1
b4aadeeb4a3,0
4986717f6f0,0
2f43f97dca8,1
d393141fc7d,1
e48b6928c0d,1
e91425863f1,1
c52c1ae784d,1
c5a4f5c556d,1
c155816da5a,1
741b0af457f,0
d95473e3907,0
45b30c6d8d7,0
7d43fbf426c,0
c858355420f,1
0ec7ee152b4,0
e8d6de4a302,0
6afc5792854,1
8c9eda1ffd4,0
3f1a55863f7,0
241480eec7e,1
0d0a9eed36a,0
8c5a09a2354,1
04126995e2f,0
c40a89f39ff,0
999d3586a49,0
5ddf75d26bc,1
d40e1151a22,0
b79c7a64d63,1
a18b5ec033e,0
00e44ec3a2b,0
2b5835691bb,1
3043fa227b2,0
0c6cc89b601,0
ca5c9df2191,0
65bfd96a264,0
3323f885680,0
d17bb80d348,0
1cefce44668,0
e4bb300cb3c,0
8695905c255,1
d2fc07a1ae0,1
bea455b8aae,1
6e3ec02ea67,0
c6253415e2a,0
11845fdd31d,1
df2ab644bf8,1
4f59454fa55,0
245a74e29cf,1
fbe2b14b2eb,1
61d8b84a88d,0
3ef3020c857,0
4973af7f4b4,1
821c168f29b,0
ef3087aa41a,0
262c3bc734f,0
0c591a42ff6,1
928d4d86ccf,1
2262ae0472d,1
8bc7aec0a4b,0
283c1e6eaba,1
d9a4e8f6d24,1
922d5373164,0
f40f984cbd0,1
210902d56dd,0
5100cdfdd31,0
749f1f67435,1
ea65f652111,0
5064a2c527e,0
db4271666cf,0
6cab36f1046,0
b712ac910a9,1
05ea1afcbcd,1
97b2d6ab7c5,1
57f991f5af9,1
47fe82090ef,0
96a02315f84,1
55da2d003cb,0
d27ef9dafb9,1
cf329c03ec5,1
ee7b9be01ca,1
f87c38dfff2,1
e1940f7b6a5,0
7a906c50edb,0
dc8ec91f46c,0
1d4e39b5b79,1
ffedbd59295,0
2849a4a43c2,1
f79dd53c39e,1
8b7f9bda01d,1
18793f82b8b,0
92b2c837b03,0
8982200bdca,1
50bd2106167,0
6a1364bf1d3,0
48dea2b0029,0
966d04a2296,0
a29bfa83c51,0
7fa667b2225,0
03e31a47bad,1
f6ea403ee92,0
8ad0bf480e8,0
8aa72ed6d61,1
60b6c50f2e1,0
134361c7e7a,0
a69d2f19991,0
65941d435d9,1
95da183e5cf,0
91ca271322e,1
807faf437de,1
593848d315b,1
5f889772cc6,1
082b8fc20a9,1
5095668483d,0
75db69191f7,1
d261ef74a3f,0
0f1d1717270,1
6745ffb5995,1
d656497503d,0
bcddb7c44de,0
108ca36ad0a,0
b2dbfa3f4f4,0
9e1cf85366c,0
798fc4e50e9,0
0041d392846,0
6e713098331,1
90af735bce2,0
34c73cd3097,0
e7aec9e0caa,1
eb953e3106c,1
3644a70170a,1
638fd84f7e3,0
7ff5a933afb,0
cb9274c0b5a,1
0ae824ff7ff,0
0fb4ed3e102,1
1d7775ceb16,0
b7eed75e0a1,0
2d6bee1c51f,1
3828c654171,0
caab4504854,0
5c47ea044bf,1
9255a463b46,0
281d871509b,1
902fbfe61b2,0
dbe10ec33bf,1
47adafd5d60,0
a638411474f,1
dcba0edb63c,0
a5c9239a7da,0
f17e409a3dc,1
a15876cd93b,1
6a0af54b1eb,0
ec500252ad8,0
4cd758bafb7,1
6a71506caf6,1
457d44cf821,1
3ebd4ede30d,1
72520afe0c3,0
14d1791e7b4,1
f370b9e0dcc,0
63242699000,1
2e962675729,1
4b89e97941d,1
95808ad7a60,0
acdfcc2ca47,1
88235040e7c,0
b36c956684b,1
656200caca9,1
9cf3522804d,0
9e4ac5fd348,1
7337401b660,0
64ba22fdb63,1
e937c2c63a6,0
146853178cc,1
59b91b4d0ea,1
b997136759a,1
2f516275d6a,1
1a70f674656,1
c754cb3b8ae,0
0bb819c0c49,1
ecf64d6ddd7,1
1dc09f153f2,1
ec4ed39134b,0
0a6b592fecb,0
276d3bff647,0
c85be59998e,0
7961892f9e1,1
0ec1f982e16,0
2ab1b758182,0
7c88198f920,0
698b7fd344a,0
dd7c6da0637,0
933383fb058,1
02adc6544cf,0
5de97ef7c0d,0
719cecf3c8f,0
dec90e59460,1
74867491a4f,1
f98865fcdf5,0
c42d68f88fe,1
f51117f5d0f,1
2aec54794dd,0
4d4a7decdee,1
6904706b94d,0
059d1ebc2ee,1
67188dd8e12,0
ea2ba4b437b,0
df8efc63e55,1
abbdb50b8a5,0
2f5c5add995,0
ccc0bd98e32,0
20459387ddd,0
7a0916f6000,1
7214757c40c,1
905f48c0873,0
42d0bf195cc,1
ac79c2a79c4,1
cd963545754,1
bc8e97e319d,1
fa38110b636,1
12eedebac49,1
313f1ce494a,0
8e563c4e54b,0
57b20306fb4,0
245310c66ac,1
341561e74fc,1
6f6d255975f,1
1dde96889e7,0
434035ead2d,0
1ad421311b7,0
0eba81ee420,0
09c7c55b4d4,1
6a9ae59e3e6,1
f078dbf2425,0
3abeba89134,1
61bc37bbf3c,1
e750676c0ed,1
eac4964673e,1
c9a3eabe5d4,1
02b4160169f,0
4abad617ab1,0
daceefcac5a,1
a45d4b3728a,0
4565a42af39,0
bfb15384bf0,1
cedfe703a16,1
e65ba5cbc15,1
3d35d73fba7,1
dc64a6d7751,1
3802baa5560,1
44299b96b80,0
f687a1e8ee8,1
b25bd7156b2,0
1c38e6ec86e,0
f065a5b744c,0
011d034ef17,1
3a8a34ae881,1
e1d9293d923,1
7174a295b15,0
01f695e1310,0
4c0936a8db0,1
967c901e286,1
2dd9fab3583,1
e0355c26793,0
cb69a3ee183,1
f50a0ebf16e,1
a474649cfe3,1
932d2db9a2c,1
6367031393f,0
61c4e2239e3,1
5ed4c76ac7c,1
38a4e0e4d2c,1
727f894eddf,1
a1c82d7a760,0
76765f1692a,1
399668e768e,0
f31aee4270d,0
a1f6e09447c,0
86e1ad8ec4f,0
23159c1bdac,1
9349dab7954,1
8372349b3ba,0
9aa4cbd7a47,0
2d540ac5352,1
ff88dd9c7bc,0
4b053dd31f7,0
fe9d5877692,1
575c9299c2b,0
935578b240a,0
f6ecce30ea2,1
d1aa210579a,0
bf22edd7ea5,1
a84cc5698fd,1
d4f88cec75e,1
88e4de8e998,1
df1b855bed7,0
417eb888965,0
b8fb2ccad10,1
3b351998cf5,1
c84a894aa9d,1
098a4f62893,1
1bb233ed37b,0
6428e69d8a5,0
f53fc86bd08,1
0e7e08d1b19,1
61ee2f8a0d1,1
d48ff4aa912,1
f1d35bdbddd,1
954dd60e8e8,1
9752077e4d8,1
818ecf9964f,1
f9dfc1b8b79,0
49bab7692c3,0
00f62d57028,1
93bfcfcd186,1
6c41dbfa949,0
7e302023c18,1
d12c0d24b27,1
74045bae7af,0
6be66ff2270,1
a8d02c7fbb7,1
ccf114223ca,1
7417ede9b0c,1
91c442e7fde,1
c4ce4726f77,1
f415ccb9c1c,1
07968200e8d,1
527cbe9d323,0
817a771066b,1
8d6001a6bf1,1
bde967bb625,1
ad27e808d6c,1
27bf8af8cd4,1
3dbc8919bb5,1
c8c11eaf813,1
d319b7c2e54,1
324b86c8481,1
db069f6ad01,0
37484a77fea,1
c78fdd0b25e,1
0cc298bb2f7,1
b3f452c2382,0
36ab9257457,1
bb50746f227,1
6028745bcec,1
40c085f14b8,1
84c1dd806bd,1
c0bfee570d8,1
fc8732c0db6,0
e9713f9ac1b,1
387683ce192,0
9ef53fef0c6,0
7e8666f2cb1,1
e080c6a0c9c,0
ee6461b35f8,1
c814b928a12,1
e32efefe3ea,1
83d45e78d3f,0
48b72ec49cb,1
ba91ee05606,1
4b2e88cf95a,0
644d425f7a2,1
b3e2b05ea1c,1
25401a4c40a,0
79a436a331f,0
a2a3ed82cbb,1
26ae98661a9,0
161a20b3258,1
fa4c283b5c6,1
14bc6242b99,0
0f5809228bd,1
8de1d371327,1
85676b7c437,1
bf0ab5bfdcf,0
0b690d5ad86,0
f381598d80f,0
cd4fce91914,0
16fd14a40cd,1
632c6f5fd43,0
5592b65ea5a,1
39691c52f70,1
7531d6b3a0c,1
c84b6a7d279,0
9ac5d80daf3,0
c0cb8c5fe92,0
2b37300687f,1
2502c4305a8,0
8af6a9f89b1,0
9d8eda97613,1
1745ce7ebce,1
3ca1b42943a,0
2a84e1d99bf,0
d5d2d94aae3,0
0fb3e4b7806,1
d8d5b27d10d,0
510098be596,1
34a70037985,1
01db935f812,1
b48a1e83f8e,1
3d24619f7a1,0
688592d219f,0
db2dc9c69d5,1
106043b11b7,1
67ca83b4509,0
b1f646ee9a8,1
5e0422f3bac,0
a4853da6dea,0
fafcc25c02c,0
385e0d3c9fb,0
df0e81c136c,0
c7e0ee21e92,0
27e69a6dab7,0
1487382a6fe,1
1b93c665334,1
30ae828a2c9,0
e12823dbb69,1
73eea2cce3f,1
a3577342a4f,1
b3d3becb9e3,1
e847aac573d,1
fabfde2242e,0
4de97559457,1
8388068a562,1
2b7f47506b8,1
cf4119d7e40,0
3fc4068947d,1
2916e80df33,0
ec0f3630a4b,1
b57fb5254d2,0
02c13e781ac,1
3948ab38324,1
16fbf26be2d,1
541155cef91,1
7d516d30116,1
c2f218cfa49,0
0f048dd7239,1
a18c7633d72,0
07fa305aa69,0
2805ba4bd68,0
230ae3b7fe0,1
339c66302be,0
cdc373a5cb2,0
4888b835536,1
a8139e4628a,1
ab2c87ad720,0
914a335f511,1
582f83c3b6e,0
8cc21e2fcb0,0
31f399fe56d,0
72e7d49de86,0
c28e28b1674,0
1f6455d8da4,1
de43931444b,0
7acef92a6b6,0
cb201f4fdd8,0
e4787ae5959,0
b3c154487d6,0
61d57ef1f57,1
61fc8d4a803,1
5254df040d2,0
682fdd4c731,0
5b658fee521,1
9738941911d,1
b1541dffeeb,0
e680c75a898,1
51086c44611,0
9cbad6c7968,0
6b13037911f,1
0072b69fdc7,1
edf44a0b33a,1
3b5509b02a9,0
b6481e5c026,0
bd87035964f,0
0b19925b2aa,0
3dd25bdb98b,1
a6a59d3d255,0
dfbd9530e8e,0
8f6e3f8dd4e,0
03cfb5d44e1,1
f798a26eb44,1
614662d3975,0
230218dca80,1
6b6f90535f6,1
a524829bf34,0
3d03b72704b,0
72c320bc877,1
dc059d2a4b8,1
517f2677ce6,1
ad9d41473dd,0
e5cef598bf4,1
e8434fb8548,0
083a47c208c,0
5ebc2c555f3,1
703e1f5f6ed,1
2fd7bee4d3e,1
993dd1d7111,1
248ecda2d35,0
cff3508022a,0
a2ba2d326ca,1
15ec693e40a,1
4fc4006bd92,1
b45b46eb335,0
b1bba9c02b2,1
c5178219944,1
bd09c471964,0
c3b2713e246,1
19c810c8306,1
d69b7465d3d,1
dfbe0d9cd59,1
6ba89d005b1,1
15c336f50ae,0
1ea914d719c,0
648b9b49761,1
6f989da046d,1
f46a5fa3f8a,0
3beb4403fe7,1
febedcf7bf1,0
a8f598e2445,0
aa4b92e9f31,1
3715786d101,0
7ddb88c548b,1
79cc15a2fc4,0
a92da713e15,0
4fae0328dcd,1
4ad3c65d30a,1
1d260e03137,1
9266feebcb3,0
925b56936bf,0
a00e76cccaf,1
799159c00a3,1
41931adbf1f,0
25759cac097,1
4707ad2387a,0
60939327306,1
d1b01d8693e,0
1302631d911,0
3599a354a82,1
b0361c0f739,0
12d98b20232,1
6a18a714a14,1
f3b94906877,1
409d24a2424,0
aaaed196b61,1
cf07ff12b6e,1
3040c5117b2,1
36f5e7bc52e,0
9affb664f54,0
7cd91094e06,1
fdc73367dfd,1
cedb1e53127,0
befa165c103,1
5ca452a789c,1
d7e852c527e,1
8e9b1a8e3fe,0
d0f8cdea378,1
d6e2b9795d0,0
7c81afc6c6e,1
501b3f4ab2b,1
d65318a7d60,1
745480eb391,1
443d97fc31d,0
8d46525261b,1
5165847a3c8,0
c8a0a8679ec,0
3936ac835da,0
f7f1e04ac1f,0
28ab72a0220,1
8a21e9c80e8,0
dc90692bb0e,1
f285a725022,1
1c36d483d93,1
b5c872a754e,0
82d9fea8648,0
57b5776404c,0
25714308c21,0
ad25d469fad,1
a261c13470f,0
f41d7805b9c,1
09246b03024,0
09dfd3b5ac0,0
152b902ea0b,0
094c0d78fcd,1
c2ec5fc7fc4,1
1b3d6b1311e,0
82753a3fb01,1
cb95aba93a8,1
29392905310,0
40a07bfa8ec,0
e753d739295,1
bdeaf79772d,0
6ed3e3f38dc,0
13424d4a081,1
281a82e3419,1
716e5ae4fb1,0
feaa255c403,0
742164eb645,0
ffb4f2af90c,1
29d4348567f,1
505ff27882e,0
617a785c65f,0
8851fbb0fc8,1
f1037aa133b,0
1fbf0db69f7,1
d548e376a0f,1
760d5d5a0c7,0
0dbfc80198f,0
285bfa42cab,1
4a680f93cb9,1
a5e0c43e4e5,0
629a5dcf4c8,0
9247394f17d,1
81a9cff538a,1
d0ccf25f0d1,1
501c0a9741a,1
c5794b732e3,1
9dee3ddd930,1
f2e7eae011c,0
80241a64ef7,0
ce00bb9575f,1
aa587c74fc7,1
89b2dcb828c,0
38f924c3382,0
227660f8461,1
aa9054bdeaf,0
7b6fdce406b,1
d2441a4746c,1
77704fc372d,1
31384dc23d3,0
d22f5921773,0
a6894ed125b,0
91d5c611b2e,1
ea1d62cb349,1
6d6a510a91f,0
317e5cc9bd5,0
be96966aec1,0
f8aa0abd1fe,1
7923aa31c04,0
ba7db85b84d,0
d696c4543dd,0
4e4fcb04dd6,1
4e0f51f7b9f,0
fb2a5c6eea2,1
574748d34fa,1
47c9ec8dbc5,1
cb8852cc70f,0
6a4406c6645,1
9b32947d99b,1
ded6886beb8,1
74c88cd7d1e,1
f3057a4a2fc,1
091f4a87adf,1
26a88049c2b,0
4c57efe880e,1
77323ef2ecb,1
4933fc36d4c,0
ed0d6024826,1
9541a701279,0
8575bac5fd0,0
39d54ee9e00,0
5a1b633ddb6,1
27a72ac999b,0
bbebf8208f2,1
06a3d2dd69a,1
627907dbd9d,1
0d3f5b67e08,1
63821c26653,1
51e52a41369,1
0f502c0a6a3,0
3771a43a4fc,0
d669b2b766c,1
397efb9ea75,0
281cff367fe,1
347be007458,1
642ebb6a249,1
43a03852299,0
d62529578f3,1
d60169b39cd,0
e5dd1a33f83,1
42256fd3ce8,0
43ba8c53531,0
1bba0426e8d,1
ad15630fe0e,1
2191aefbec9,0
e9f69d05f8f,1
b9727e27366,1
a97261ab29d,0
e65bd18effd,0
7f3eca5a579,0
3fa76c500c2,1
8a3389de848,0
3df56278da1,1
8d40a02310d,1
bdac28e4c37,0
915dc48abe3,0
05c83de31ea,0
25b208a9023,1
de95a48c87a,1
c6a5003a7c0,0
ce2a121ac40,0
13239e6c728,0
51474ba1fef,1
16700d09cb1,1
7e7d7f9a062,1
77c3e3ca1f7,0
7c690488ab1,0
c9015b890c4,1
4a6b07d2b2d,0
996c108cdb2,1
a9a5d225335,1
f5e2239b5fd,1
edcd80397b5,1
85df08eafab,0
7075cf26ef2,0
627d04e1836,0
7fcf4098693,0
33c12b26fc6,1
8109c5d2d0f,0
48c48baf17f,1
25624869af5,0
b5e53a7eab0,1
924aab3a488,1
a0233406208,1
467c3b461a7,1
7fb947daab3,1
2c7fdf4a8f9,1
905bbceeebe,1
36f8858d5b6,0
fcedb81f1a4,0
f07e5bf99d4,1
d9ee2130ada,0
b63028b3d32,0
ce246c68d59,0
d9a2929434c,1
4034ba90235,0
0d6d1eda37f,0
5ab3638d22f,0
25d2ec53351,1
67b6e81729c,1
45aae9cac9a,0
e52442cb30a,1
602674ef7ea,0
745423b5e62,1
66cf9c6a156,1
907137bd24a,1
f4a3e065f60,1
3e199fa8774,1
fe5c2215745,0
6201ae21274,0
1480a8f9a9c,1
7576f97d0e7,1
117a46b2797,0
38b90db320a,1
aa928cb0c81,1
4ba814a0fde,1
7d718dc439e,0
da9d5033fda,0
88856ef014b,0
e4150fd572a,0
cffc485c88c,0
bbe592d92ff,1
c622bea9ac1,1
f019af3b973,0
ce35a25c86f,1
fc9b5068acc,1
85c42b720b3,1
b8790f90e2d,0
ed4976111af,1
a524321839a,0
6abbb1132dc,0
77c4880cc9b,0
bf08ad3bea8,1
1e85c70bfdd,0
ec5e4786815,1
07132023adf,0
35d7562c1ce,1
a5ecbf61411,0
a22efadedb7,0
23b426d64b5,0
623c3fb006b,1
28c1ba2ac9d,1
23cf29556d0,0
a5150122647,1
dc579b6c328,0
2ab42aa43e6,1
4329bebc200,1
101bc2a0fe6,1
060020c871d,0
7516464fa57,0
f54d49c7b33,1
a740448d4a9,1
c88f1b90f2c,0
934199be007,1
aa1223cb3d4,1
8697218c56c,0
6c653fbd8c7,1
2872ad6a3f6,0
4f2d47a393f,1
1882dd770ec,0
f341e396cbf,1
3a5e376fd26,0
ed18f310a4d,0
a3a83045539,0
c93851b45ad,0
a368780d017,1
31ce12a40a7,0
64c0f05b197,0
cf501fa293c,1
735c81ef7bd,1
51082ec717a,0
6aebdf4ef5a,1
7c947ac654e,1
6990e0185a3,0
8c19a41ab88,0
2e98df2bb4d,0
c72aa2c0583,1
b8b738106e2,0
2816f8da4d4,1
f7fa969683d,1
d8d7dcbc98d,0
bebfe3184c4,0
e032cf7ec6d,1
52b16994666,0
0c1ad3545ca,0
f436f4b31e8,0
b5114694759,0
ebb3dfa3034,0
6a902590f28,0
1651b36b5fa,0
c6249642641,0
e8d2644101f,1
f7cc5bbba35,1
7373106c408,1
2e04645df90,0
4f09a500150,0
741753f1431,0
a6d43a597f1,1
bfc189ab420,1
e6cd8e18eb3,0
689fcb0dd74,1
78673f58857,0
58d4c6bfefb,1
7a7678db400,1
0238088d16e,1
ca2129bee7a,1
446410b23c7,0
c37fab3ca4f,0
59a89f8d27f,1
1fe3138d8c1,0
d7f39ee2dd0,0
fb2902ff346,0
8e2ec8c0bfc,0
94b64bacb7c,0
bca9288882f,0
a9dfabe143e,1
531d417f76b,0
f377fed7bb1,1
07441f577dd,1
fee1f3c94a9,1
d072db07c96,1
3e874ce1896,1
8fb9925d5f9,1
fbe4f18057d,0
22f6774142c,0
c6ef0062525,1
e5922922d9d,1
a1efe5ae266,1
5b3ad8a7716,1
7baad674fab,1
02692adc2c0,1
15806e99025,0
55d6a29b867,1
c2d0d324d2d,1
fb070961fbf,0
ecb0be73a7d,0
38a4649d788,1
e41f7ce0429,1
4d0d83a3958,0
6516786e969,0
9dcd6c74403,0
577af33b29a,1
99c04f7cc23,1
c2f82129f6e,0
842579578dc,1
7052bfe3f2a,1
9115002224a,0
7ef8b9427f6,0
8eebe740cab,0
a407bf8dca1,1
9477c0f84bb,0
53bfbac8b46,0
8506cb6d9f9,1
768e0867d57,1
3e1de147604,0
3c5ec3249d3,1
9b357a820e3,0
1123af48af6,0
edf0864b698,1
964ef63489f,0
afd43f2ef35,1
58ecd02a582,1
aa886b4bc53,1
31cf3822b7a,1
70d759c4252,0
7c1cebe48ba,0
683b72db0e8,1
09084996048,0
7bc5938391c,1
ca723a1f36d,0
3ee78084fe7,0
0c1da23331b,0
deb13a355df,0
eaf214b5a96,0
088113bee18,0
a36086126d8,0
3430bb3997c,1
b706e20020e,1
e325c22b39a,0
061da337888,0
96c8b1d828f,0
23c254c7263,0
9f8fcac953e,0
3f13adbcb27,1
8cabcffdaaf,1
77f2720b9df,0
20c6c2e576f,1
1239b6e195b,0
df09ff7c0d7,1
3edc0b097f5,1
fe911dc4cd7,0
28de4caafc6,1
9f117b08aac,1
49260180b9c,1
eeec67ae345,1
a060bdda536,0
45f80dda156,1
e71809724f4,1
983ddc70565,1
c0eb5c7d520,1
0a3262067bd,1
9111355f7f5,0
a537f8bf024,1
4e6a6493a33,0
a9f8407e522,0
2977022507f,0
468d12f23a1,1
8163d9cc982,1
a0cd4d2a2ea,1
c270ec2a4e9,1
ec760cf4fbf,1
a07f2cbff00,0
c60273acb55,1
5a619fd1ae5,0
68df17868a7,0
7a0b131dfa2,0
231de4d2e2b,0
64e0a6a7eca,1
0d62553b685,0
d134b577a21,0
bdf3d9a8351,1
6bbacfc352e,1
f9aefa7828a,0
80eed58fb3c,1
f299b3c882a,0
0caccd0c228,0
0be322bb255,0
d70202ba437,1
2d98813632e,1
c9225f0aea0,1
27807fa20ce,0
1ee61bf58c7,1
3d8d52e5f70,1
e8438d97ba8,0
90469522dca,1
2fc98e84d99,1
1a5fcb6c04e,0
4bbe660cc9c,0
27563b44398,1
ab190328f6e,0
de503543b37,0
6b2d93fbc22,1
f5fd80e9b7c,0
2ebae7d2c0c,1
d04c1133643,0
a9844e7137d,1
fe449cb3168,1
c0e018b4b0f,0
eac96fd19fa,0
eb00fce5a7b,1
135be183af2,0
938164de5e8,1
65ca3372658,0
62d86e2f717,1
22c4e363369,0
b0de178d3fb,1
c45086db0bf,1
37710d8d835,0
566f06fa170,1
4c6d4766738,1
e54708e2df7,1
c624bfbb67a,0
690dd634e52,0
efedc4b4cc5,1
a0e0631b085,1
c806101c8c3,0
5f6da8273cd,1
bdd27a9711e,0
96eef026293,1
11f1ec722fc,1
3f287bdf64d,1
dcb7fc504e2,0
dd02956a067,1
e83add02de8,0
878396a9289,1
0bbde3219be,1
dcfedc2ab44,0
1d7185cdf15,0
9b045e036f6,1
b92eb165fef,0
4a993d1a887,1
4280d6b2360,1
d725ec69e29,1
c8e1f773c3b,1
4591524bef7,0
9e6e06a2d8c,0
769bce98970,0
399d4ad9d91,1
ba111a91c58,1
6a8d3b88448,0
36971a1c5f5,1
cdb9f1e3f5d,0
e76bfdf75a0,1
e32697b7c95,1
75a991dc37a,0
56526a79e60,1
06c138b1f84,0
b68089331b8,1
40f58d23ff8,1
b43fa9cbf71,0
66d3cd148fd,0
b67ab9bf28d,0
9410e2dfa26,1
54531563666,0
9dcdfd8a927,0
49e6bfd8f78,1
d8f467312cc,1
e14de6b3c81,1
fd6ef609fab,1
27c2e2bb845,1
31f28f9a379,0
4e89041a663,1
3f7a27e05e3,1
331cdc7576a,0
95c639dac99,0
70277d83027,1
a8c260ac191,1
985a346f30f,0
801a4b373c9,0
66d6408c89a,1
b82d77fd832,1
1e6478d542d,1
f88b91df5fa,0
75f09f112b3,0
e1e492a0f2d,1
4ebc262169e,1
a0b441c790c,0
385f1c0ca8b,1
30054e15c68,1
5859900a4ae,0
f4ec0778252,0
39e5122ed1c,0
0cfbb48e5b7,1
6f2140b07d3,1
3873e5f950b,1
4acc676f63f,0
992bc348458,0
4dc39d2b55d,1
5e8975ad9f6,1
c77e56af678,0
9afdbdab421,1
d99932d307f,0
319ee497804,0
2fbd82857e2,0
0570c5e0104,1
45779c89387,1
8d540c3a659,0
b22518f0fc8,1
ba8373c85dd,0
b7b23aaf9c1,0
c98494eb06c,0
bd0a0637361,1
8d9386aa14b,1
c5e1b388c68,0
9f7f9becfce,0
89cd0f9cb4e,1
287d770e07c,1
648dd475a3d,1
6b939b3656f,0
7f3d1732d54,1
e3d173e02bd,1
07173785027,1
3405e756173,1
52dc8f8e5f5,1
b9a95dd2b61,1
0e4bc5fbe01,1
355f37ca85c,0
79c6129b03a,1
23655960d22,0
e45b99679ce,0
619a1a08b2c,1
6882b92634f,1
d66527c0d78,0
cf0849292e6,1
3f03a9b0339,0
df14f71ac99,1
19b93d55778,0
014fee37e0f,1
3f84081d0d1,0
67a90046fc5,1
38f26cde633,1
51d169e1fe3,0
c1d4f4e3daf,0
7dd8be4d430,1
246af678f54,1
488ade4dcf0,0
270572f08c9,1
b8112cd4c90,0
63384cc84ac,1
45c48e260a2,1
879c9b57a76,0
fe5dcef02f8,1
391daa764d4,1
48eff19dcd6,1
6e458283a28,0
258e42e4d23,1
81f97ea9c52,0
8c449dee676,0
f6df7d4e7ba,1
d7a09b3e175,0
5719a50d1c6,1
2c45fd9ab15,0
bc6d47f5113,1
6666a6467b7,1
51a1ae179a4,1
66a959061b4,0
90c1d2d3e15,1
b243790f167,1
291be04b314,1
6708d823e10,1
280683b4170,0
4dae19b0700,0
c2ba8868937,1
d8e0d642cb9,0
b5bec9a4c75,1
b20fc2958d0,1
0c87ad27ecb,0
b776aa19cb2,1
c038dab63d0,0
922e407dfac,0
a11c2dfa2f1,0
594ee1d1ba7,0
16acea95e57,1
82f1f6295a0,0
649b428f2d0,0
065e6cb5e67,1
c0b065a73d4,0
e545bdfc595,0
53856e918a0,0
f2d971d19e1,0
63524bcd51e,0
527e554001a,0
d13e5ce918f,1
8f37261c4df,0
123f7e72ae9,1
7b397244909,1
957f21d4682,0
9889b0d0d51,0
6e98d50e984,0
14acb750271,1
e18af023feb,0
319300a3527,1
88cdd81a100,0
4f557962504,0
c947c4107ca,1
4b4bce414f0,1
8917c849090,1
9eb1677d547,1
0ef1101aa48,0
58a204b118d,0
39e8f40f4a3,1
731d4a62742,0
3be21a33744,0
d077ee4325d,1
a4da8cf20f6,1
ef44f695ae5,1
19dba47caf9,1
b72f5178df8,0
d1207322d53,1
5f39903d81a,0
d7436ffa44a,1
006060474b9,0
3fe91869cd2,0
8f317b98f51,0
d87cfd0429f,0
6ea50226d14,0
1a34ab7b8fa,0
05a4ced9f67,0
97856056158,1
c8f036599a6,0
e009413ecc3,1
dca0d6d619f,0
7ee3cb7e938,1
327e2debe43,1
a4b8729a6d3,1
00c78a41bef,1
85199a2029e,0
83753680800,0
6fbd5eca49e,0
b8e77010ba7,0
f24884d2d7c,0
b1291720f6e,0
a665f45e066,0
9fa7b9d2a68,1
0c797e05448,0
a55f015a3eb,1
7fdc04da007,0
9aa41efc950,0
b70d3e30d1d,1
4d23be5933e,0
be40b9e2007,0
c721173bf56,0
902c838b0c0,0
ada9beac32b,0
54d065d2c4c,1
5e171494554,1
467d000b282,1
02558580a6e,0
d67c04c30d6,1
753f918b48a,0
7a2d8cfa2f1,0
97364ea11f8,1
ca7905b66ae,0
faa96cfc948,0
78826569176,1
92522b87569,0
a4e255d4595,1
dea80d75e74,0
14cf1937718,0
464dab6a362,1
0816fc6efa1,0
4c9f7ad380e,1
5224cf594b3,1
f3332992f6b,0
bc190931c00,0
e6b40b8f810,1
02245b043de,0
67c341cdc62,1
4ed0459c0bc,1
d13fd987f11,0
66d945d8ff0,1
52902bf2af1,0
19e563582db,1
7a99a75bffc,0
538691edba2,0
a588bae2629,0
37a3ec607d1,1
c784163a389,0
53319929ac1,0
5c3885f8b08,1
cafb945b61b,1
693f3d0fb69,1
f773c8a9381,1
210a14c1f0d,1
d44cf16b144,0
88cd74099cf,1
4a7542e2980,1
919c72c1aac,1
5fc5ddbb468,1
835d58c2cd9,1
d8b02ffb8ed,0
d54f80d5194,0
c5c037c3cb0,0
31859f64249,1
1c5e752cb8f,0
6a46126ac6b,1
5eb50404705,1
d418d13779a,0
a61f133837f,0
d006a7a7310,1
0d3f84400f0,1
2ec4f7c786a,0
49c14c67cf7,1
f889e81d733,1
e40db731500,1
f702fd45dbc,1
dbcb62dcc29,1
c260cc4c2b8,1
e609a70cc33,0
f8c31cde34e,0
be4d6f4164d,0
1c413d08d1b,1
23bb35c1f5f,1
efe44ee3289,0
0cb15b4ba07,0
da84e02b8c0,1
738166ae06c,1
7afc6232a9c,1
dd42e26884a,0
ef326cfdec4,1
b4f86c20a56,1
7a7fba4c689,0
816378fd140,0
6d22d077574,1
ffb9bd36426,0
9f16a5c9ec0,1
f0577a2ca57,0
2283ed956f9,1
b3e804aae7f,1
eab2ccf6576,1
c47721a1d3c,1
48f2216521b,1
0fcef383a78,0
6696d9c518a,0
d40cc99312d,0
6ee5307fea6,0
87106338391,0
78eea281e36,0
a5b96b70840,1
a5d964c21cf,1
6503da08608,1
ab101a29d65,0
ceffffd09cd,0
ed0b720d272,1
1b04509f12a,1
2c1f23f994a,0
ea8cbe1d859,0
182534b6466,1
5feee8b64c9,1
1144f186cba,0
97bbead6ef6,1
f89533d4972,0
6f4bb564186,1
4a3a49e063c,0
8c551ef0dd0,1
c6eca340c5b,0
138fc467ff1,0
22abeda32f7,0
1caf5cec88e,1
037c52497b4,0
c70697151d0,1
a4bba2d1126,1
e4af8399372,0
8d1c6ef9c36,0
9e2505a7bec,0
f791029dbcd,0
e2d2e50ac78,0
5d3f55a2448,0
f50a2350843,0
e6301d483a9,1
8b82d2fdd91,1
fc30085d8f2,1
dca46673fc0,0
69a6a9a02a1,0
763b1826c3e,0
d5bc97ad2b1,1
77f91065af7,1
5bff2bfbc66,1
cadfd351552,0
d71fb1e646d,0
e55f5b19503,0
102cb7c992c,1
03e05a315cd,1
6dd968f1c08,1
752ef62356c,1
0a28aa9f86a,1
a84931a8779,0
4c4f9f3aa20,1
55d69c7c3d4,1
4ae9b920e60,1
c2c1b25e9a0,1
ca803c19f30,1
6337eab3234,0
4f817bd7cf1,0
ab80a6027e1,0
5af901a1ebe,0
55579f9d6e6,0
95a0bf4c48f,0
56d3cce9c35,1
2ad91a5cf1a,0
c406db06701,0
2061506af88,1
890cbd33668,1
cfc399edfb1,1
f14d38e01f8,0
6bd100aadbd,1
c7fc52c60ea,1
a626e3e80db,1
7af54367110,0
618292e252b,0
8017aefbf0a,0
468cacae80a,1
9aabb08cbe1,0
96ec42517dc,1
c8a69978ce6,0
0ff10e1b78f,0
4e6b5474315,0
fbd16ec100e,0
2d3914f5c12,1
36528fa822a,0
882844b3ec1,1
5b0988b4424,1
a44112117e2,1
097750277f2,1
985c88f806b,1
6c22d4cdfa4,0
08ccab021fd,0
156fca69449,0
252c4a95bc2,0
fcf549ab539,1
62144c1f365,1
3ce8b66c266,1
9964791fa6e,1
0dd2757fb81,1
10e1d6647c1,0
6141ef1b094,1
9e1062dbfb9,0
8ec3b6082ed,0
ad88dc5bfbe,0
0a15c224015,1
236168eb778,0
ac61039923c,0
ec1c6aaafdb,1
35ffb025972,1
14e96812ebf,1
a365ae9e55c,0
c7a4b58204a,0
a744111bdd6,0
236f1991b83,1
839686a5bbe,1
828da1eb094,0
7cf9e76e6af,0
70ff19729f0,1
1e9d2b40f80,1
ca2c752fa82,1
04e7ce314ca,1
9cfd43d6a35,1
66dd1cea652,1
634c43bdfbc,1
1e6d47b1136,0
95c2dcb6a3a,0
928443a0025,0
3bb47806384,1
fc4490827f2,0
6ae80424bda,1
f4732dcdcd3,0
99310dca3d5,0
9dbd50a0ea3,0
76b34d8b736,0
270bdcc8730,0
1a1bf58a87e,1
ddb5a85362b,0
325056791e2,1
51238749080,1
5fdc1f28196,0
474edc2cec6,0
cab1e9b1c0c,0
12046925375,1
78c355ae649,1
7869a70bc6b,0
863077f59d7,1
e19a76bd809,0
894df7063c4,0
04cfbd7a4e7,1
2cb762c461c,0
70eca550784,1
3002d4742a7,0
b9d0f214aa4,0
e9f5966d0ed,1
eac1d1a9298,0
8be340bc24e,0
ef352e76e8e,1
a7e86f569a2,0
8e1de3ced38,0
499307eb72d,1
6e9b99efbc3,0
9526fe2b40f,1
027bb51e87a,1
ce562231d97,0
e9cdca93bda,1
643d55b67f0,1
26d19148109,0
405154a9d44,1
2d773f6623f,1
4100fa779f5,0
02df4d6f515,0
86faad9057b,1
420e5240034,0
a315aa7a414,1
afdc29b9242,1
1b22b806359,0
0a026bd0fd9,1
0d94fb6d9e4,1
99b5e4e92c7,0
9652f5504cb,1
1c700e36fcb,1
a194a6f8a01,0
4b2b6dcadea,1
a30259fc8d0,1
f9314ed8f9f,1
0f0ec6eb062,1
14ae6e43351,1
497d6dfc02b,1
7ac145e9092,1
7d4c27f5ce5,1
f2f2bbf8783,0
f2de3dddfb9,1
af32eab2681,0
db0508da085,0
fdee46cfbf1,1
cbff5e45345,1
ec2628e6000,0
cc23672cb64,0
866f1bd105b,0
9b4f59b3665,0
9a6bdd65016,0
45665ce719a,1
34e4d119455,0
fdb44721d46,0
7d9e4a8322d,1
eced518eae0,0
3e84ecae60d,1
71cd5a2d86b,0
c04c8cf119f,0
fb97f42fe59,0
6b3ad5739e9,1
ab5c820ea64,1
7ebeddb7462,0
ddd737b59c0,1
f6f2640d859,1
d5d5b0516c1,1
e3e72e40bfb,0
51af4bebf44,1
a4ff0ee1a8b,1
3f349a0eff9,1
4540034d759,0
01e5ab25093,0
3a8b56ad08f,0
4918015b99d,0
7084fc26eec,1
48facd8c1df,0
a89e5fe7119,1
9ce1135931d,0
51d47bdfb6b,0
6d5c9cf7649,0
a20fb5638cf,1
6aa1421e284,1
e4bef7569f4,0
e87790a5da1,1
af83bf8ea83,1
7864761a655,1
bfe4284b57f,0
5c44f25f702,0
b3394dc63f0,0
ddfb972acd7,0
0b5cebf06cb,1
13460968f3f,0
0d55ed203db,0
2184055524d,0
468b3c1f0c5,0
55ddd865677,0
bb902075378,1
6ef13d38030,0
24186800591,1
c0c0dbefc51,0
4d116d9f77a,0
9290a81aade,0
1c0f9a27ce8,0
fea29b8da51,1
8b728fc17fd,0
69921a3acb8,1
2ea41774635,0
eac77e847da,1
2aca7774648,0
648b06ee6d6,1
df568104a32,1
cf89b0f6276,0
09fdd4eee4a,0
c835de306d5,0
83263db46fa,1
d84c5922be7,1
b0160d2de20,0
165d5a21c21,0
44c3790fe3d,1
37147d14310,1
0da16e618b2,1
e050483b866,1
6221e28aa63,1
954dc0f0b5d,0
2fa476b0d2f,1
b7c0ba77bd3,0
